{
  "MXRF11": 0.121032,
  "GARE11": 0.104602,
  "HFOF11": 0.092124,
  "CPTS11": 0.119928,
  "SNEL11": 0.146136,
  "KNSC11": 0.122748,
  "BBIG11": 0.103788,
  "VGHF11": 0.096888,
  "JSAF11": 0.103704,
  "HREC11": 0.108312,
  "TEPP11": 0.0966,
  "TRXF11": 0.108264,
  "RBVA11": 0.100548,
  "KNCR11": 0.14082,
  "ALZR11": 0.090324,
  "XPML11": 0.161124,
  "LIFE11": 0.142906,
  "HGBS11": 0.092532,
  "MANA11": 0.140039,
  "HGLG11": 0.077724,
  "VINO11": 0.054792,
  "BTLG11": 0.109392,
  "URPR11": 0.040638,
  "KNIP11": 0.09066,
  "JSRE11": 0.055548,
  "XPLG11": 0.090216,
  "VIUR11": 0.306906,
  "TGAR11": 0.075091,
  "HCTR11": 0.045393,
  "BROF11": 0.070104,
  "VSLH11": 0.029775,
  "GRUL11": 0.100154,
  "GAME11": 0.122493,
  "PVBI11": 0.03882,
  "CYCR11": 0.13506,
  "VISC11": 0.086748,
  "KORE11": 0.067968,
  "HGCR11": 0.115536,
  "HSML11": 0.080724,
  "DEVA11": 0.038136,
  "KISU11": 0.099312,
  "FATN11": 0.109332,
  "VGRI11": 0.165582,
  "HGRU11": 0.088092,
  "VRTA11": 0.12096,
  "TRBL11": 0.101424,
  "RBFM11": 0.09816,
  "PORD11": 0.125808,
  "KNRI11": 0.064704,
  "RZTR11": 0.127572,
  "HSLG11": 0.078636,
  "RECR11": 0.111648,
  "VILG11": 0.084744,
  "KCRE11": 0.1014,
  "KNHF11": 0.119364,
  "VCJR11": 0.1122,
  "SAPI11": 0.132204,
  "LVBI11": 0.17028,
  "XPSF11": 0.080918,
  "WHGR11": 0.12198,
  "ITIT11": 0.091104,
  "TOPP11": 0.112488,
  "XPCI11": 0.118308,
  "BRCR11": 0.056328,
  "RECT11": 0.055548,
  "KNHY11": 0.116832,
  "ICRI11": 0.112656,
  "MFII11": 0.126624,
  "HGRE11": 0.692628,
  "CACR11": 0.192696,
  "RZAK11": 0.065868,
  "RZAT11": 0.155664,
  "PMIS11": 0.11712,
  "VCRI11": 0.11364,
  "GTWR11": 0.1065,
  "BCRI11": 0.106368,
  "OUJP11": 0.125724,
  "ITRI11": 0.1068,
  "HABT11": 0.119772,
  "XPIN11": 0.099366,
  "RPRI11": 0.107844,
  "VRTM11": 0.115344,
  "JSCR11": 0.12048,
  "HSAF11": 0.128208,
  "BTHF11": 0.109812,
  "CPSH11": 0.136368,
  "PCIP11": 0.107496,
  "KNUQ11": 0.153948,
  "PSEC11": 0.103176,
  "PMLL11": 0.102552,
  "OXRL11": 0.035556,
  "AFHF11": 0.152338,
  "GZIT11": 0.075228,
  "GGRC11": 0.108654,
  "RBRX11": 0.302004,
  "RBRR11": 0.02286,
  "BRCO11": 0.0897,
  "CCME11": 0.119136,
  "RBRP11": 0.0585,
  "TVRI11": 0.120864
}